timestamp,date,city,aqi,aqi_category,pm25,pm10,o3,no2,so2,co,temperature,humidity,wind_speed,hour,day_of_week,month,is_weekend,day_of_year,aqi_change,aqi_change_pct,aqi_rolling_3d,aqi_rolling_7d,aqi_next_day
2026-07-12 07:53:34,2026-07-12,karachi,176.4,Unhealthy,184.0,,,,,,30.5,2.9,5.4,7,6,7,1,193,,,176.4,176.4,171.1
2026-07-13 07:53:34,2026-07-13,karachi,171.1,Unhealthy,138.7,,,,,,31.9,2.9,5.3,7,0,7,0,194,-5.3,-3.0,173.8,173.8,163.3
2026-07-14 07:53:34,2026-07-14,karachi,163.3,Unhealthy,166.5,,,,,,30.4,3.1,5.0,7,1,7,0,195,-7.8,-4.6,170.3,170.3,182.8
2026-07-15 07:53:34,2026-07-15,karachi,182.8,Unhealthy,174.2,,,,,,29.5,3.1,5.3,7,2,7,0,196,19.5,11.9,172.4,173.4,132.4
2026-07-16 07:53:34,2026-07-16,karachi,132.4,Unhealthy for Sensitive Groups,166.3,,,,,,30.7,3.1,4.8,7,3,7,0,197,-50.4,-27.6,159.5,165.2,167.2
2026-07-17 07:53:34,2026-07-17,karachi,167.2,Unhealthy,176.7,,,,,,30.2,3.0,5.8,7,4,7,0,198,34.8,26.3,160.8,165.5,188.3
2026-07-18 07:53:34,2026-07-18,karachi,188.3,Unhealthy,175.7,,,,,,31.2,3.0,5.7,7,5,7,1,199,21.1,12.6,162.6,168.8,142.2
2026-07-19 07:53:34,2026-07-19,karachi,142.2,Unhealthy for Sensitive Groups,164.1,,,,,,29.9,2.9,5.3,7,6,7,1,200,-46.1,-24.5,165.9,163.9,159.9
2026-07-20 07:53:34,2026-07-20,karachi,159.9,Unhealthy,176.8,,,,,,29.5,2.9,5.1,7,0,7,0,201,17.7,12.4,163.5,162.3,193.0
2026-07-21 07:53:34,2026-07-21,karachi,193.0,Unhealthy,143.5,,,,,,30.3,2.9,5.1,7,1,7,0,202,33.1,20.7,165.0,166.5,164.4
2026-07-22 07:53:34,2026-07-22,karachi,164.4,Unhealthy,183.9,,,,,,30.3,3.0,5.4,7,2,7,0,203,-28.6,-14.8,172.4,163.9,177.5
2026-07-23 07:53:34,2026-07-23,karachi,177.5,Unhealthy,164.6,,,,,,30.7,3.0,4.6,7,3,7,0,204,13.1,8.0,178.3,170.4,173.7
2026-07-24 07:53:34,2026-07-24,karachi,173.7,Unhealthy,136.9,,,,,,31.2,2.9,5.9,7,4,7,0,205,-3.8,-2.1,171.9,171.3,142.8
2026-07-25 07:53:34,2026-07-25,karachi,142.8,Unhealthy for Sensitive Groups,173.6,,,,,,29.8,3.1,4.9,7,5,7,1,206,-30.9,-17.8,164.7,164.8,170.4
2026-07-26 07:53:34,2026-07-26,karachi,170.4,Unhealthy,179.6,,,,,,31.1,3.0,5.3,7,6,7,1,207,27.6,19.3,162.3,168.8,171.2
2026-07-27 07:53:34,2026-07-27,karachi,171.2,Unhealthy,170.1,,,,,,30.8,2.9,4.7,7,0,7,0,208,0.8,0.5,161.5,170.4,153.0
2026-07-28 07:53:34,2026-07-28,karachi,153.0,Unhealthy,180.2,,,,,,30.4,3.0,5.0,7,1,7,0,209,-18.2,-10.6,164.9,164.7,169.3
2026-07-29 07:53:34,2026-07-29,karachi,169.3,Unhealthy,179.1,,,,,,32.3,2.9,5.2,7,2,7,0,210,16.3,10.7,164.5,165.4,144.0
2026-07-30 07:53:34,2026-07-30,karachi,144.0,Unhealthy for Sensitive Groups,154.2,,,,,,31.4,2.9,5.3,7,3,7,0,211,-25.3,-14.9,155.4,160.6,146.7
2026-07-31 07:53:34,2026-07-31,karachi,146.7,Unhealthy for Sensitive Groups,176.6,,,,,,32.1,3.0,4.4,7,4,7,0,212,2.7,1.9,153.3,156.8,183.1
2026-08-01 07:53:34,2026-08-01,karachi,183.1,Unhealthy,178.9,,,,,,32.5,3.1,5.0,7,5,8,1,213,36.4,24.8,157.9,162.5,168.6
2026-08-02 07:53:34,2026-08-02,karachi,168.6,Unhealthy,184.9,,,,,,31.2,3.1,4.5,7,6,8,1,214,-14.5,-7.9,166.1,162.3,168.3
2026-08-03 07:53:34,2026-08-03,karachi,168.3,Unhealthy,159.8,,,,,,31.1,2.9,5.8,7,0,8,0,215,-0.3,-0.2,173.3,161.9,133.9
2026-08-04 07:53:34,2026-08-04,karachi,133.9,Unhealthy for Sensitive Groups,179.0,,,,,,29.8,2.9,4.5,7,1,8,0,216,-34.4,-20.4,156.9,159.1,151.9
2026-08-05 07:53:34,2026-08-05,karachi,151.9,Unhealthy,162.3,,,,,,30.0,2.9,4.6,7,2,8,0,217,18.0,13.4,151.4,156.6,138.1
2026-08-06 07:53:34,2026-08-06,karachi,138.1,Unhealthy for Sensitive Groups,169.2,,,,,,30.6,3.0,4.8,7,3,8,0,218,-13.8,-9.1,141.3,155.8,174.0
2026-08-07 07:53:34,2026-08-07,karachi,174.0,Unhealthy,145.2,,,,,,30.8,3.1,5.5,7,4,8,0,219,35.9,26.0,154.7,159.7,152.1
2026-08-08 07:53:34,2026-08-08,karachi,152.1,Unhealthy,149.8,,,,,,31.9,2.9,5.8,7,5,8,1,220,-21.9,-12.6,154.7,155.3,184.6
2026-08-09 07:53:34,2026-08-09,karachi,184.6,Unhealthy,165.8,,,,,,31.8,3.1,5.2,7,6,8,1,221,32.5,21.4,170.2,157.6,150.1
2026-08-10 07:53:34,2026-08-10,karachi,150.1,Unhealthy for Sensitive Groups,180.6,,,,,,29.6,2.9,5.6,7,0,8,0,222,-34.5,-18.7,162.3,155.0,144.0
2026-08-11 07:53:34,2026-08-11,karachi,144.0,Unhealthy for Sensitive Groups,138.2,,,,,,29.8,2.9,5.5,7,1,8,0,223,-6.1,-4.1,159.6,156.4,135.0
2026-08-12 07:53:34,2026-08-12,karachi,135.0,Unhealthy for Sensitive Groups,172.1,,,,,,31.9,3.1,4.6,7,2,8,0,224,-9.0,-6.2,143.0,154.0,160.5
2026-08-13 07:53:34,2026-08-13,karachi,160.5,Unhealthy,182.2,,,,,,31.1,3.1,5.7,7,3,8,0,225,25.5,18.9,146.5,157.2,137.9
2026-08-14 07:53:34,2026-08-14,karachi,137.9,Unhealthy for Sensitive Groups,180.4,,,,,,32.0,2.9,5.0,7,4,8,0,226,-22.6,-14.1,144.5,152.0,181.9
2026-08-15 07:53:34,2026-08-15,karachi,181.9,Unhealthy,145.7,,,,,,31.3,3.0,5.3,7,5,8,1,227,44.0,31.9,160.1,156.3,132.6
2026-08-16 07:53:34,2026-08-16,karachi,132.6,Unhealthy for Sensitive Groups,174.6,,,,,,29.8,3.0,4.4,7,6,8,1,228,-49.3,-27.1,150.8,148.9,162.7
2026-08-17 07:53:34,2026-08-17,karachi,162.7,Unhealthy,146.1,,,,,,31.2,2.9,4.8,7,0,8,0,229,30.1,22.7,159.1,150.7,135.1
2026-08-18 07:53:34,2026-08-18,karachi,135.1,Unhealthy for Sensitive Groups,140.1,,,,,,29.8,3.1,4.7,7,1,8,0,230,-27.6,-17.0,143.5,149.4,159.7
2026-08-19 07:53:34,2026-08-19,karachi,159.7,Unhealthy,141.9,,,,,,31.1,2.9,5.2,7,2,8,0,231,24.6,18.2,152.5,152.9,135.7
2026-08-20 07:53:34,2026-08-20,karachi,135.7,Unhealthy for Sensitive Groups,179.3,,,,,,29.7,2.9,5.7,7,3,8,0,232,-24.0,-15.0,143.5,149.4,156.5
2026-08-21 07:53:34,2026-08-21,karachi,156.5,Unhealthy,159.7,,,,,,32.2,3.1,4.6,7,4,8,0,233,20.8,15.3,150.6,152.0,161.6
2026-08-22 07:53:34,2026-08-22,karachi,161.6,Unhealthy,148.9,,,,,,31.8,3.0,5.0,7,5,8,1,234,5.1,3.3,151.3,149.1,129.6
2026-08-23 07:53:34,2026-08-23,karachi,129.6,Unhealthy for Sensitive Groups,156.5,,,,,,29.7,3.1,5.2,7,6,8,1,235,-32.0,-19.8,149.2,148.7,144.2
2026-08-24 07:53:34,2026-08-24,karachi,144.2,Unhealthy for Sensitive Groups,166.6,,,,,,32.1,3.0,5.2,7,0,8,0,236,14.6,11.3,145.1,146.1,137.3
2026-08-25 07:53:34,2026-08-25,karachi,137.3,Unhealthy for Sensitive Groups,144.0,,,,,,30.4,3.1,5.3,7,1,8,0,237,-6.9,-4.8,137.0,146.4,179.7
2026-08-26 07:53:34,2026-08-26,karachi,179.7,Unhealthy,145.8,,,,,,31.9,2.9,4.9,7,2,8,0,238,42.4,30.9,153.7,149.2,179.2
2026-08-27 07:53:34,2026-08-27,karachi,179.2,Unhealthy,148.9,,,,,,30.9,2.9,4.6,7,3,8,0,239,-0.5,-0.3,165.4,155.4,149.6
2026-08-28 07:53:34,2026-08-28,karachi,149.6,Unhealthy for Sensitive Groups,138.4,,,,,,31.9,3.1,5.0,7,4,8,0,240,-29.6,-16.5,169.5,154.5,141.4
2026-08-29 07:53:34,2026-08-29,karachi,141.4,Unhealthy for Sensitive Groups,146.9,,,,,,29.7,3.1,4.9,7,5,8,1,241,-8.2,-5.5,156.7,151.6,160.9
2026-08-30 07:53:34,2026-08-30,karachi,160.9,Unhealthy,156.6,,,,,,29.6,3.0,5.1,7,6,8,1,242,19.5,13.8,150.6,156.0,137.2
2026-08-31 07:53:34,2026-08-31,karachi,137.2,Unhealthy for Sensitive Groups,142.3,,,,,,29.5,3.0,4.9,7,0,8,0,243,-23.7,-14.7,146.5,155.0,154.8
2026-09-01 07:53:34,2026-09-01,karachi,154.8,Unhealthy,141.2,,,,,,32.1,3.1,5.5,7,1,9,0,244,17.6,12.8,151.0,157.5,172.8
2026-09-02 07:53:34,2026-09-02,karachi,172.8,Unhealthy,168.3,,,,,,32.1,2.9,4.6,7,2,9,0,245,18.0,11.6,154.9,156.6,185.8
2026-09-03 07:53:34,2026-09-03,karachi,185.8,Unhealthy,165.1,,,,,,31.5,3.0,5.6,7,3,9,0,246,13.0,7.5,171.1,157.5,182.9
2026-09-04 07:53:34,2026-09-04,karachi,182.9,Unhealthy,138.7,,,,,,31.8,2.9,5.1,7,4,9,0,247,-2.9,-1.6,180.5,162.3,176.9
2026-09-05 07:53:34,2026-09-05,karachi,176.9,Unhealthy,147.0,,,,,,31.8,3.1,4.5,7,5,9,1,248,-6.0,-3.3,181.9,167.3,162.1
2026-09-06 07:53:34,2026-09-06,karachi,162.1,Unhealthy,177.3,,,,,,31.2,3.1,4.9,7,6,9,1,249,-14.8,-8.4,174.0,167.5,189.7
2026-09-07 07:53:34,2026-09-07,karachi,189.7,Unhealthy,180.6,,,,,,31.0,3.0,5.4,7,0,9,0,250,27.6,17.0,176.2,175.0,144.9
2026-09-08 07:53:34,2026-09-08,karachi,144.9,Unhealthy for Sensitive Groups,167.6,,,,,,32.3,3.0,5.8,7,1,9,0,251,-44.8,-23.6,165.6,173.6,175.2
2026-09-09 07:53:34,2026-09-09,karachi,175.2,Unhealthy,146.9,,,,,,29.6,3.1,4.7,7,2,9,0,252,30.3,20.9,169.9,173.9,166.5
2026-09-10 07:53:34,2026-09-10,karachi,166.5,Unhealthy,147.3,,,,,,30.7,3.0,5.3,7,3,9,0,253,-8.7,-5.0,162.2,171.2,163.2
2026-09-11 07:53:34,2026-09-11,karachi,163.2,Unhealthy,147.6,,,,,,29.7,2.9,5.6,7,4,9,0,254,-3.3,-2.0,168.3,168.4,139.9
2026-09-12 07:53:34,2026-09-12,karachi,139.9,Unhealthy for Sensitive Groups,138.1,,,,,,29.7,2.9,5.6,7,5,9,1,255,-23.3,-14.3,156.5,163.1,179.2
2026-09-13 07:53:34,2026-09-13,karachi,179.2,Unhealthy,172.4,,,,,,32.4,3.0,4.4,7,6,9,1,256,39.3,28.1,160.8,165.5,141.6
2026-09-14 07:53:34,2026-09-14,karachi,141.6,Unhealthy for Sensitive Groups,156.9,,,,,,31.1,2.9,5.8,7,0,9,0,257,-37.6,-21.0,153.6,158.6,146.0
2026-09-15 07:53:34,2026-09-15,karachi,146.0,Unhealthy for Sensitive Groups,185.1,,,,,,31.9,3.1,5.8,7,1,9,0,258,4.4,3.1,155.6,158.8,149.5
2026-09-16 07:53:34,2026-09-16,karachi,149.5,Unhealthy for Sensitive Groups,165.3,,,,,,30.2,2.9,5.2,7,2,9,0,259,3.5,2.4,145.7,155.1,160.1
2026-09-17 07:53:34,2026-09-17,karachi,160.1,Unhealthy,170.7,,,,,,30.0,2.9,5.3,7,3,9,0,260,10.6,7.1,151.9,154.2,187.0
2026-09-18 07:53:34,2026-09-18,karachi,187.0,Unhealthy,164.7,,,,,,31.4,2.9,4.9,7,4,9,0,261,26.9,16.8,165.5,157.6,145.3
2026-09-19 07:53:34,2026-09-19,karachi,145.3,Unhealthy for Sensitive Groups,151.4,,,,,,30.2,3.0,5.5,7,5,9,1,262,-41.7,-22.3,164.1,158.4,133.8
2026-09-20 07:53:34,2026-09-20,karachi,133.8,Unhealthy for Sensitive Groups,176.4,,,,,,32.0,2.9,5.0,7,6,9,1,263,-11.5,-7.9,155.4,151.9,169.5
2026-09-21 07:53:34,2026-09-21,karachi,169.5,Unhealthy,143.2,,,,,,31.2,3.1,5.2,7,0,9,0,264,35.7,26.7,149.5,155.9,136.2
2026-09-22 07:53:34,2026-09-22,karachi,136.2,Unhealthy for Sensitive Groups,141.5,,,,,,31.9,3.0,5.7,7,1,9,0,265,-33.3,-19.6,146.5,154.5,154.6
2026-09-23 07:53:34,2026-09-23,karachi,154.6,Unhealthy,141.4,,,,,,30.4,3.1,4.6,7,2,9,0,266,18.4,13.5,153.4,155.2,188.5
2026-09-24 07:53:34,2026-09-24,karachi,188.5,Unhealthy,175.6,,,,,,31.5,2.9,5.4,7,3,9,0,267,33.9,21.9,159.8,159.3,137.7
2026-09-25 07:53:34,2026-09-25,karachi,137.7,Unhealthy for Sensitive Groups,152.1,,,,,,30.1,3.1,5.3,7,4,9,0,268,-50.8,-26.9,160.3,152.2,139.7
2026-09-26 07:53:34,2026-09-26,karachi,139.7,Unhealthy for Sensitive Groups,170.0,,,,,,31.9,2.9,4.5,7,5,9,1,269,2.0,1.5,155.3,151.4,175.2
2026-09-27 07:53:34,2026-09-27,karachi,175.2,Unhealthy,184.8,,,,,,31.7,3.1,5.7,7,6,9,1,270,35.5,25.4,150.9,157.3,129.9
2026-09-28 07:53:34,2026-09-28,karachi,129.9,Unhealthy for Sensitive Groups,142.9,,,,,,30.1,2.9,5.4,7,0,9,0,271,-45.3,-25.9,148.3,151.7,164.8
2026-09-29 07:53:34,2026-09-29,karachi,164.8,Unhealthy,151.6,,,,,,32.3,3.1,4.6,7,1,9,0,272,34.9,26.9,156.6,155.8,145.3
2026-09-30 07:53:34,2026-09-30,karachi,145.3,Unhealthy for Sensitive Groups,137.2,,,,,,29.6,3.1,5.1,7,2,9,0,273,-19.5,-11.8,146.7,154.4,182.7
2026-10-01 07:53:34,2026-10-01,karachi,182.7,Unhealthy,159.2,,,,,,31.7,3.1,4.5,7,3,10,0,274,37.4,25.7,164.3,153.6,162.9
2026-10-02 07:53:34,2026-10-02,karachi,162.9,Unhealthy,157.1,,,,,,32.5,3.1,5.3,7,4,10,0,275,-19.8,-10.8,163.6,157.2,147.5
2026-10-03 07:53:34,2026-10-03,karachi,147.5,Unhealthy for Sensitive Groups,148.6,,,,,,31.3,3.0,5.6,7,5,10,1,276,-15.4,-9.5,164.4,158.3,186.2
2026-10-04 07:53:34,2026-10-04,karachi,186.2,Unhealthy,183.2,,,,,,30.1,3.0,5.6,7,6,10,1,277,38.7,26.2,165.5,159.9,140.8
2026-10-05 07:53:34,2026-10-05,karachi,140.8,Unhealthy for Sensitive Groups,176.0,,,,,,31.7,3.0,5.6,7,0,10,0,278,-45.4,-24.4,158.2,161.5,188.2
2026-10-06 07:53:34,2026-10-06,karachi,188.2,Unhealthy,171.7,,,,,,30.7,3.1,4.7,7,1,10,0,279,47.4,33.7,171.7,164.8,171.8
2026-10-07 07:53:34,2026-10-07,karachi,171.8,Unhealthy,171.3,,,,,,31.0,3.1,5.1,7,2,10,0,280,-16.4,-8.7,166.9,168.6,139.7
2026-10-08 07:53:34,2026-10-08,karachi,139.7,Unhealthy for Sensitive Groups,167.1,,,,,,30.1,3.1,5.4,7,3,10,0,281,-32.1,-18.7,166.6,162.4,180.3
2026-10-09 07:53:34,2026-10-09,karachi,180.3,Unhealthy,147.0,,,,,,31.1,2.9,5.3,7,4,10,0,282,40.6,29.1,163.9,164.9,151.4
2026-10-10 07:53:34,2026-10-10,karachi,151.4,Unhealthy,151.7,,,,,,30.7,3.0,5.6,7,5,10,1,283,-28.9,-16.0,157.1,165.5,
